Feature,Mutual Information,RFE Ranking
number_domain_keywords_en,0.029706346080635715,16
number_parking_kewords_en,0.0276490686285078,14
number_together_in_line_keywords_en,0.05365746693814022,21
keyword_in_title_en,0.09203703886082337,2
stemmed_keyword_in_title,0.07576605596253638,6
presence_of_nav,0.04474535256892698,25
text_alpha_length,0.09349524539876053,26
number_frames,0.032354879116966995,17
number_images,0.13874583297250087,3
domain_in_title,0.0817588069480728,5
domain_in_text,0.012196780231267912,29
in_warninglist,0.13772706066510665,1
number_redirects,0.06318764075281735,22
different_final_domain,0.012316580454387882,35
number_links,0.12517414508507052,7
number_link_same_domain,0.05946941137184014,9
average_link_length_same_domain,0.060496405141970744,15
number_different_link_domains,0.11709950584182005,10
average_link_length,0.07983147394309964,28
maximum_link_length,0.04843075889922521,24
link_to_text_ratio,0.031280105957838034,32
number_non_link_characters,0.10282468790546462,20
third_party_requests_ratio,0.07101912165387203,30
third_party_data_ratio,0.07295275040285243,19
third_party_html_content_ratio,0.05410805059461121,37
initial_response_size,0.09707503430719622,23
initial_response_ratio,0.05371309926973877,33
kword_auction,0.0,4
kword_domain,0.05219824274369822,8
kword_regist,0.01570412826583567,11
kword_price,0.04966963767634813,31
kword_offer,0.030282378665413612,43
kword_servic,0.019235969353094573,13
kword_host,0.045232804579791175,34
kword_websit,0.010125810183353234,12
kword_contact,0.033675581468461724,38
kword_site,0.0294932742144276,27
kword_transfer,0.028833408676237404,36
kword_héberge,0.014639937279650184,41
kword_internet,0.0,18
kword_serveur,0.0,39
kword_découvr,0.0,42
kword_mainten,0.021014817633145944,40
